<?xml version="1.0"?>
<config xmlns:xsi="http://www.w3.org/2001/XMLSchema-instance" xsi:noNamespaceSchemaLocation="urn:magento:module:Magento_Config:etc/system_file.xsd">
    <system>
        <section id="currency">
            <group id="dual_prices" translate="label" type="text" sortOrder="10000" showInDefault="1" showInWebsite="1" showInStore="1">
                <label>Dual Prices Display</label>
                <field id="enable" translate="label comment" type="select" sortOrder="10"
                       showInDefault="1" showInWebsite="0" showInStore="0">
                    <label>Dual Price Enable/Disable</label>
                    <source_model>Magento\Config\Model\Config\Source\Yesno</source_model>
                    <validate>required-entry</validate>
                </field>
                <field id="separator" translate="label" type="text" sortOrder="12" showInDefault="1" showInWebsite="1" showInStore="1">
                    <label>Separator</label>
                    <if_module_enabled>Vdcstore_DualPrices</if_module_enabled>
                    <depends><field id="enable">1</field></depends>
                    <!-- <depends>
                        <field id="separator">1</field>
                    </depends> -->
                    <comment><![CDATA[Character between main and side currency. For example, 1EUR / 7,53450HRK.
                    If left empty, main and side currency will be separated by a single space.
                    ]]></comment>
                </field>
            </group>
        </section>
    </system>
</config>
